id,set,index,source_sheet,view,clothed,facing_original,mirrored,H_px,scale,phi,theta,NF,spread,arm_spread,hand_f,hand_b,lift_f,lift_b,together
cE1_00,cE1,0,e1dcfb21-image.png,side,True,east,False,587,1.0221,0.5,0.0,F,0.33571349658750205,0.13896666666666685,0.08230000000000019,0.05666666666666667,0.023333333333333334,0.0,False
cE1_01,cE1,1,e1dcfb21-image.png,side,True,east,False,584,1.0274,0.5,0.0,F,0.34929217744640617,0.13833333333333334,0.08166666666666667,0.05666666666666667,0.011666666666666667,0.0,False
cE1_02,cE1,2,e1dcfb21-image.png,side,True,east,False,584,1.0274,0.5,0.0,F,0.2970562933478587,0.07986688851913476,0.02495840266222961,0.05490848585690515,0.0,0.011647254575707155,False
cE1_03,cE1,3,e1dcfb21-image.png,side,True,east,False,588,1.0204,0.6274349048751254,0.25486980975025086,F,0.1738664824573884,0.05158069883527454,0.0033277870216306127,0.048252911813643926,0.0,0.024958402662229616,False
cE1_04,cE1,4,e1dcfb21-image.png,side,True,east,False,592,1.0135,0.75,0.5,F,0.19435215946843853,0.0681063122923588,0.02491694352159468,0.043189368770764125,0.0,0.0,True
cE1_05,cE1,5,e1dcfb21-image.png,side,True,east,False,591,1.0152,0.0,0.0,N,0.2670050955902072,0.10797342192691031,0.06644518272425251,0.0415282392026578,0.014950166112956811,0.0,False
cE1_06,cE1,6,e1dcfb21-image.png,side,True,east,False,582,1.0309,0.0,0.0,N,0.33999730102002834,0.12,0.07333333333333333,0.04666666666666666,0.005,0.0,False
cE1_07,cE1,7,e1dcfb21-image.png,side,True,east,False,584,1.0274,0.0,0.0,N,0.3592513699400322,0.12833333333333333,0.07666666666666666,0.051666666666666666,0.0,0.008333333333333333,False
cE1_08,cE1,8,e1dcfb21-image.png,side,True,east,False,586,1.0239,0.0,0.0,N,0.31787566714768606,0.12499999999999997,0.06833333333333333,0.05666666666666664,0.0,0.023333333333333334,False
cE1_09,cE1,9,e1dcfb21-image.png,side,True,east,False,591,1.0152,0.09348194474641852,0.18696388949283704,N,0.22203094347771163,0.10676079734219271,0.04817275747508307,0.05858803986710964,0.0,0.03820598006644518,False
cE1_10,cE1,10,e1dcfb21-image.png,side,True,east,False,597,1.005,0.25,0.5,N,0.18635607321131448,0.08985024958402661,0.029950083194675528,0.059900166389351084,0.0016638935108153079,0.0016638935108153079,True
cE1_11,cE1,11,e1dcfb21-image.png,side,True,east,False,597,1.005,0.37471227696966847,0.7494245539393369,N,0.17691239821480959,0.09800664451827244,0.041528239202657816,0.05647840531561463,0.03820598006644518,0.0016611295681063123,False
cE1_12,cE1,12,e1dcfb21-image.png,side,True,east,False,589,1.0187,0.5,0.0,F,0.3146130891480799,0.12333333333333331,0.06999999999999999,0.053333333333333316,0.023333333333333334,0.0,False
cE1_13,cE1,13,e1dcfb21-image.png,side,True,east,False,586,1.0239,0.5,0.0,F,0.3465000822706705,0.14,0.08333333333333333,0.05666666666666667,0.016666666666666666,0.0,False
cE1_14,cE1,14,e1dcfb21-image.png,side,True,east,False,584,1.0274,0.5,0.0,F,0.3477806120953771,0.13666666666666666,0.08166666666666665,0.05499999999999999,0.011666666666666667,0.0,False
cE1_15,cE1,15,e1dcfb21-image.png,side,True,east,False,588,1.0204,0.6019181255204731,0.20383625104094616,F,0.2100636776336709,0.05499999999999999,0.0050000000000000044,0.04999999999999999,0.0,0.021666666666666667,False
cE1_16,cE1,16,e1dcfb21-image.png,side,True,east,False,591,1.0152,0.75,0.5,F,0.245,0.06,0.011666666666666672,0.048333333333333325,0.0,0.0,True
cE1_17,cE1,17,e1dcfb21-image.png,side,True,east,False,592,1.0135,0.75,0.5,F,0.30333333333333334,0.08666666666666667,0.04833333333333334,0.03833333333333333,0.0,0.0,True
cE1_18,cE1,18,e1dcfb21-image.png,side,True,east,False,585,1.0256,0.0,0.0,N,0.3119717898031464,0.11833333333333335,0.07333333333333333,0.04500000000000001,0.013333333333333334,0.0,False
cE1_19,cE1,19,e1dcfb21-image.png,side,True,east,False,583,1.0292,0.0,0.0,N,0.3422018305765059,0.1314475873544093,0.07820299500831945,0.05324459234608986,0.004991680532445923,0.0,False
cE1_20,cE1,20,e1dcfb21-image.png,side,True,east,False,582,1.0309,0.0,0.0,N,0.3560414067539872,0.12978369384359403,0.07653910149750418,0.05324459234608986,0.0,0.0016638935108153079,False
cE1_21,cE1,21,e1dcfb21-image.png,side,True,east,False,591,1.0152,0.10616165501076263,0.21232331002152527,N,0.2040439577050148,0.10500000000000001,0.04166666666666666,0.06333333333333335,0.0,0.035,False
cE1_22,cE1,22,e1dcfb21-image.png,side,True,east,False,594,1.0101,0.25,0.5,N,0.225,0.08833333333333332,0.024999999999999994,0.06333333333333332,0.0,0.0,True
cE1_23,cE1,23,e1dcfb21-image.png,side,True,east,False,598,1.0033,0.25,0.5,N,0.24958402662229617,0.09816971713810316,0.039933444259567394,0.058236272878535764,0.0016638935108153079,0.0016638935108153079,True
cE1_24,cE1,24,e1dcfb21-image.png,side,True,east,False,592,1.0135,0.5,0.0,F,0.273756949568063,0.10613598673300167,0.05306799336650084,0.05306799336650084,0.026533996683250415,0.0,False
cE1_25,cE1,25,e1dcfb21-image.png,side,True,east,False,588,1.0204,0.5,0.0,F,0.33771341611505845,0.1381031613976705,0.07986688851913476,0.05823627287853575,0.018302828618968387,0.0016638935108153079,False
cE1_26,cE1,26,e1dcfb21-image.png,side,True,east,False,587,1.0221,0.5,0.0,F,0.34572739169193256,0.12166666666666667,0.065,0.05666666666666667,0.013333333333333334,0.0,False
cE1_27,cE1,27,e1dcfb21-image.png,side,True,east,False,590,1.0169,0.75,0.5,F,0.27454242928452577,0.05465890183028395,0.007121464226290605,0.04753743760399334,0.0,0.0,True
cE1_28,cE1,28,e1dcfb21-image.png,side,True,east,False,590,1.0169,0.8742957062482897,0.7485914124965793,F,0.17632146581315739,0.08848080133555927,0.05342237061769617,0.035058430717863104,0.021702838063439065,0.0,False
cE1_29,cE1,29,e1dcfb21-image.png,side,True,east,False,587,1.0221,0.0,0.0,N,0.32114483753043876,0.12500000000000003,0.07666666666666669,0.04833333333333334,0.008333333333333333,0.0,False
cE1_30,cE1,30,e1dcfb21-image.png,side,True,east,False,582,1.0309,0.0,0.0,N,0.3519032513884255,0.12271973466003319,0.07462686567164181,0.04809286898839138,0.006633499170812604,0.0,False
cE1_31,cE1,31,e1dcfb21-image.png,side,True,east,False,586,1.0239,0.0,0.0,N,0.3541743360606588,0.13,0.07666666666666666,0.053333333333333344,0.0,0.005,False
cE1_32,cE1,32,e1dcfb21-image.png,side,True,east,False,590,1.0169,0.1292940794492112,0.2585881588984224,N,0.1712291235654366,0.08499999999999998,0.026666666666666658,0.05833333333333332,0.0,0.03833333333333333,False
cE1_33,cE1,33,e1dcfb21-image.png,side,True,east,False,596,1.0067,0.25,0.5,N,0.20833333333333334,0.08850000000000034,0.02758333333333364,0.0609166666666667,0.0,0.0,True
cE1_34,cE1,34,e1dcfb21-image.png,side,True,east,False,597,1.005,0.25,0.5,N,0.26622296173044924,0.09983361064891846,0.04326123128119801,0.05657237936772046,0.0016638935108153079,0.0016638935108153079,True
cE1_35,cE1,35,e1dcfb21-image.png,side,True,east,False,590,1.0169,0.5,0.0,F,0.3190860222442998,0.12666666666666665,0.07166666666666666,0.05499999999999999,0.021666666666666667,0.0,False
cE2_00,cE2,0,7cd45a07-image.png,side,True,east,False,588,1.0204,0.5,0.0,F,0.33394027484143757,0.13833333333333334,0.08166666666666667,0.05666666666666667,0.021666666666666667,0.0,False
cE2_01,cE2,1,7cd45a07-image.png,side,True,east,False,585,1.0256,0.5,0.0,F,0.35463124699785337,0.1433333333333333,0.08499999999999999,0.05833333333333332,0.013333333333333334,0.0,False
cE2_02,cE2,2,7cd45a07-image.png,side,True,east,False,584,1.0274,0.5,0.0,F,0.2996615231379382,0.075,0.023333333333333345,0.05166666666666665,0.0,0.01,False
cE2_03,cE2,3,7cd45a07-image.png,side,True,east,False,586,1.0239,0.6291409238040611,0.2582818476081221,F,0.1731537276731429,0.048333333333333325,0.003333333333333327,0.045,0.0,0.02,False
cE2_04,cE2,4,7cd45a07-image.png,side,True,east,False,591,1.0152,0.75,0.5,F,0.16666666666666666,0.06333333333333331,0.021666666666666654,0.04166666666666666,0.0,0.0,True
cE2_05,cE2,5,7cd45a07-image.png,side,True,east,False,589,1.0187,0.0,0.0,N,0.2729005568214015,0.10666666666666669,0.06666666666666668,0.04000000000000001,0.015,0.0,False
cE2_06,cE2,6,7cd45a07-image.png,side,True,east,False,582,1.0309,0.0,0.0,N,0.3443439916268983,0.12521666666666686,0.07688333333333353,0.04833333333333334,0.005,0.0,False
cE2_07,cE2,7,7cd45a07-image.png,side,True,east,False,583,1.0292,0.0,0.0,N,0.36273869660783914,0.13333333333333336,0.08000000000000002,0.053333333333333344,0.0,0.0033333333333333335,False
cE2_08,cE2,8,7cd45a07-image.png,side,True,east,False,588,1.0204,0.0,0.0,N,0.3190967788136035,0.1268666666666665,0.07019999999999982,0.05666666666666667,0.0,0.021666666666666667,False
cE2_09,cE2,9,7cd45a07-image.png,side,True,east,False,591,1.0152,0.09450347515671795,0.1890069503134359,N,0.22277849346773745,0.10851419031719534,0.050083472454090144,0.05843071786310519,0.0,0.035058430717863104,False
cE2_10,cE2,10,7cd45a07-image.png,side,True,east,False,596,1.0067,0.25,0.5,N,0.1896838602329451,0.09068219633943428,0.029118136439267875,0.061564059900166404,0.0,0.0,True
cE2_11,cE2,11,7cd45a07-image.png,side,True,east,False,597,1.005,0.3741492716020186,0.7482985432040372,N,0.17786756148080932,0.09666666666666668,0.04166666666666667,0.05500000000000001,0.03833333333333333,0.0,False
cE2_12,cE2,12,7cd45a07-image.png,side,True,east,False,589,1.0187,0.5,0.0,F,0.3151857031831462,0.125,0.07166666666666667,0.053333333333333344,0.021666666666666667,0.0,False
cE2_13,cE2,13,7cd45a07-image.png,side,True,east,False,585,1.0256,0.5,0.0,F,0.34649991305653693,0.14166666666666666,0.08499999999999999,0.05666666666666667,0.015,0.0,False
cE2_14,cE2,14,7cd45a07-image.png,side,True,east,False,585,1.0256,0.5,0.0,F,0.3503598469996776,0.145,0.08666666666666667,0.05833333333333332,0.013333333333333334,0.0,False
cE2_15,cE2,15,7cd45a07-image.png,side,True,east,False,588,1.0204,0.6026954034482643,0.20539080689652878,F,0.21104199038366034,0.05000000000000002,0.0050000000000000044,0.04500000000000001,0.0,0.02,False
cE2_16,cE2,16,7cd45a07-image.png,side,True,east,False,590,1.0169,0.75,0.5,F,0.24833333333333332,0.05666666666666667,0.009999999999999995,0.046666666666666676,0.0,0.0,True
cE2_17,cE2,17,7cd45a07-image.png,side,True,east,False,591,1.0152,0.75,0.5,F,0.3,0.08666666666666668,0.05,0.03666666666666668,0.0,0.0,True
cE2_18,cE2,18,7cd45a07-image.png,side,True,east,False,585,1.0256,0.0,0.0,N,0.3129792513024614,0.11896666666666683,0.0756333333333335,0.043333333333333335,0.01,0.0,False
cE2_19,cE2,19,7cd45a07-image.png,side,True,east,False,582,1.0309,0.0,0.0,N,0.34473952820613024,0.13166666666666665,0.07999999999999999,0.051666666666666666,0.006666666666666667,0.0,False
cE2_20,cE2,20,7cd45a07-image.png,side,True,east,False,583,1.0292,0.0,0.0,N,0.3575480975856402,0.13660000000000005,0.08000000000000002,0.05660000000000004,0.0,0.005,False
cE2_21,cE2,21,7cd45a07-image.png,side,True,east,False,591,1.0152,0.10627570428757294,0.21255140857514587,N,0.20591252509209634,0.10666666666666665,0.04333333333333332,0.06333333333333332,0.0,0.035,False
cE2_22,cE2,22,7cd45a07-image.png,side,True,east,False,595,1.0084,0.25,0.5,N,0.225,0.0883333333333333,0.02499999999999998,0.06333333333333332,0.0,0.0,True
cE2_23,cE2,23,7cd45a07-image.png,side,True,east,False,596,1.0067,0.25,0.5,N,0.24666666666666667,0.09698333333333331,0.039999999999999994,0.056983333333333316,0.0,0.0,True
cE2_24,cE2,24,7cd45a07-image.png,side,True,east,False,591,1.0152,0.5,0.0,F,0.27857723435984305,0.10666666666666665,0.05333333333333333,0.053333333333333316,0.025,0.0,False
cE2_25,cE2,25,7cd45a07-image.png,side,True,east,False,586,1.0239,0.5,0.0,F,0.34092437194295644,0.1433333333333333,0.08333333333333333,0.06,0.016666666666666666,0.0,False
cE2_26,cE2,26,7cd45a07-image.png,side,True,east,False,587,1.0221,0.5,0.0,F,0.3473610861410172,0.1266666666666667,0.06833333333333334,0.05833333333333335,0.011666666666666667,0.0,False
cE2_27,cE2,27,7cd45a07-image.png,side,True,east,False,588,1.0204,0.75,0.5,F,0.27666666666666667,0.05333333333333333,0.006666666666666668,0.04666666666666666,0.0,0.0,True
cE2_28,cE2,28,7cd45a07-image.png,side,True,east,False,591,1.0152,0.8760522870239517,0.7521045740479033,F,0.18059399481538957,0.09473333333333334,0.05666666666666667,0.038066666666666665,0.021666666666666667,0.0,False
cE2_29,cE2,29,7cd45a07-image.png,side,True,east,False,587,1.0221,0.0,0.0,N,0.31970469061825907,0.11833333333333337,0.07666666666666669,0.041666666666666685,0.013333333333333334,0.0,False
cE2_30,cE2,30,7cd45a07-image.png,side,True,east,False,582,1.0309,0.0,0.0,N,0.35255738213399507,0.12703333333333378,0.07870000000000044,0.04833333333333334,0.005,0.0,False
cE2_31,cE2,31,7cd45a07-image.png,side,True,east,False,583,1.0292,0.0,0.0,N,0.3600468473972779,0.13166666666666668,0.07833333333333334,0.053333333333333344,0.0,0.005,False
cE2_32,cE2,32,7cd45a07-image.png,side,True,east,False,591,1.0152,0.12898177595240617,0.25796355190481235,N,0.17338173739018345,0.0883333333333333,0.026666666666666658,0.06166666666666665,0.0,0.03833333333333333,False
cE2_33,cE2,33,7cd45a07-image.png,side,True,east,False,595,1.0084,0.25,0.5,N,0.20833333333333334,0.08666666666666666,0.026666666666666672,0.059999999999999984,0.0,0.0,True
cE2_34,cE2,34,7cd45a07-image.png,side,True,east,False,595,1.0084,0.34008033096529255,0.6801606619305851,N,0.12905729207613253,0.09833333333333333,0.04166666666666666,0.05666666666666667,0.035,0.0,False
cE2_35,cE2,35,7cd45a07-image.png,side,True,east,False,589,1.0187,0.5,0.0,F,0.3185838992221769,0.13,0.075,0.05500000000000002,0.023333333333333334,0.0,False
cW1_00,cW1,0,c6f74a94-image.png,side,True,west,True,588,1.0204,0.5,0.0,F,0.3437777247399452,0.09838063439065106,0.05342237061769614,0.04495826377295492,0.00333889816360601,0.0,False
cW1_01,cW1,1,c6f74a94-image.png,side,True,west,True,585,1.0256,0.5,0.0,F,0.3721778589914736,0.11333333333333334,0.061666666666666675,0.051666666666666666,0.0,0.0,False
cW1_02,cW1,2,c6f74a94-image.png,side,True,west,True,587,1.0221,0.5,0.0,F,0.35096466863296094,0.11980000000000168,0.06146666666666836,0.05833333333333332,0.0,0.021666666666666667,False
cW1_03,cW1,3,c6f74a94-image.png,side,True,west,True,594,1.0101,0.585654691298796,0.17130938259759199,F,0.23827204545512332,0.0544833333333333,0.003333333333333327,0.05114999999999997,0.0,0.05,False
cW1_04,cW1,4,c6f74a94-image.png,side,True,west,True,596,1.0067,0.75,0.5,F,0.2113144758735441,0.04825291181364395,0.004991680532445933,0.04326123128119802,0.0,0.0,True
cW1_05,cW1,5,c6f74a94-image.png,side,True,west,True,598,1.0033,0.75,0.5,F,0.18,0.06500000000000002,0.02333333333333333,0.041666666666666685,0.0,0.0,True
cW1_06,cW1,6,c6f74a94-image.png,side,True,west,True,595,1.0084,0.8931013271815127,0.7862026543630255,F,0.20747197595322708,0.08166666666666667,0.043333333333333335,0.03833333333333333,0.01,0.0,False
cW1_07,cW1,7,c6f74a94-image.png,side,True,west,True,591,1.0152,0.0,0.0,N,0.3029029849704852,0.08833333333333335,0.05499999999999999,0.033333333333333354,0.0033333333333333335,0.0,False
cW1_08,cW1,8,c6f74a94-image.png,side,True,west,True,587,1.0221,0.0,0.0,N,0.3549338547854843,0.1029900332225914,0.06146179401993357,0.04152823920265783,0.0,0.008305647840531562,False
cW1_09,cW1,9,c6f74a94-image.png,side,True,west,True,588,1.0204,0.0,0.0,N,0.35075233773377335,0.10499999999999998,0.05833333333333332,0.04666666666666666,0.0,0.01,False
cW1_10,cW1,10,c6f74a94-image.png,side,True,west,True,595,1.0084,0.0,0.0,N,0.289351137479695,0.10320000000000012,0.05820000000000011,0.04500000000000001,0.0,0.05333333333333334,False
cW1_11,cW1,11,c6f74a94-image.png,side,True,west,True,600,1.0,0.25,0.5,N,0.16,0.05499999999999998,0.013333333333333322,0.04166666666666666,0.0,0.0,True
cW1_12,cW1,12,c6f74a94-image.png,side,True,west,True,601,0.9983,0.25,0.5,N,0.21333333333333335,0.06666666666666667,0.02333333333333333,0.043333333333333335,0.0,0.0,True
cW1_13,cW1,13,c6f74a94-image.png,side,True,west,True,601,0.9983,0.3818329130985097,0.7636658261970194,N,0.19113474008193151,0.06833333333333334,0.02500000000000001,0.043333333333333335,0.023333333333333334,0.0,False
cW1_14,cW1,14,c6f74a94-image.png,side,True,west,True,593,1.0118,0.5,0.0,F,0.31474011605590557,0.10741666666666665,0.06000000000000001,0.047416666666666635,0.013333333333333334,0.0,False
cW1_15,cW1,15,c6f74a94-image.png,side,True,west,True,588,1.0204,0.5,0.0,F,0.35861055371311024,0.13333333333333336,0.06333333333333334,0.07,0.005,0.0,False
cW1_16,cW1,16,c6f74a94-image.png,side,True,west,True,586,1.0239,0.5,0.0,F,0.3645847329668839,0.14833333333333332,0.07166666666666666,0.07666666666666666,0.0,0.0016666666666666668,False
cW1_17,cW1,17,c6f74a94-image.png,side,True,west,True,593,1.0118,0.5,0.0,F,0.3031158234479563,0.09118333333333341,0.026183333333333406,0.065,0.0,0.04,False
cW1_18,cW1,18,c6f74a94-image.png,side,True,west,True,597,1.005,0.6465129855748885,0.2930259711497769,F,0.15003812886406132,0.04991680532445926,0.004991680532445933,0.04492512479201333,0.0,0.051580698835274545,False
cW1_19,cW1,19,c6f74a94-image.png,side,True,west,True,597,1.005,0.75,0.5,F,0.1611295681063123,0.07393687707641194,0.03820598006644518,0.03573089700996676,0.0,0.0,True
cW1_20,cW1,20,c6f74a94-image.png,side,True,west,True,596,1.0067,0.75,0.5,F,0.29833333333333334,0.07824999999999968,0.04658333333333303,0.03166666666666665,0.0,0.0,True
cW1_21,cW1,21,c6f74a94-image.png,side,True,west,True,589,1.0187,0.0,0.0,N,0.29723868398186604,0.09515859766277127,0.056761268781302165,0.0383973288814691,0.001669449081803005,0.0,False
cW1_22,cW1,22,c6f74a94-image.png,side,True,west,True,587,1.0221,0.0,0.0,N,0.3350933167500289,0.09999999999999998,0.05833333333333332,0.04166666666666666,0.0,0.0033333333333333335,False
cW1_23,cW1,23,c6f74a94-image.png,side,True,west,True,589,1.0187,0.0,0.0,N,0.3459141686875505,0.10779436152570479,0.06135986733001658,0.04643449419568821,0.0,0.011608623548922056,False
cW1_24,cW1,24,c6f74a94-image.png,side,True,west,True,596,1.0067,0.0,0.0,N,0.28482719913321597,0.1,0.05499999999999999,0.04500000000000001,0.0,0.05333333333333334,False
cW1_25,cW1,25,c6f74a94-image.png,side,True,west,True,599,1.0017,0.12587557856248824,0.2517511571249765,N,0.17995877108132513,0.08652246256239601,0.041597337770382714,0.0449251247920133,0.0016638935108153079,0.06156405990016639,False
cW1_26,cW1,26,c6f74a94-image.png,side,True,west,True,602,0.9967,0.25,0.5,N,0.17986798679867988,0.0627062706270627,0.02310231023102309,0.03960396039603961,0.00825082508250825,0.00825082508250825,True
cW1_27,cW1,27,c6f74a94-image.png,side,True,west,True,601,0.9983,0.25,0.5,N,0.25333333333333335,0.061666666666666675,0.026666666666666672,0.035,0.0,0.0,True
cW1_28,cW1,28,c6f74a94-image.png,side,True,west,True,596,1.0067,0.5,0.0,F,0.2843354975549911,0.10166666666666666,0.05833333333333332,0.043333333333333335,0.018333333333333333,0.0,False
cW1_29,cW1,29,c6f74a94-image.png,side,True,west,True,590,1.0169,0.5,0.0,F,0.3512025440416647,0.11813643926788686,0.0632279534109817,0.054908485856905165,0.008319467554076539,0.0,False
cW1_30,cW1,30,c6f74a94-image.png,side,True,west,True,586,1.0239,0.5,0.0,F,0.36174697527103417,0.13477537437603992,0.06988352745424294,0.064891846921797,0.0016638935108153079,0.0033277870216306157,False
cW1_31,cW1,31,c6f74a94-image.png,side,True,west,True,589,1.0187,0.5,0.0,F,0.34942956486759597,0.1281198003327787,0.059900166389351084,0.06821963394342762,0.0,0.011647254575707155,False
cW1_32,cW1,32,c6f74a94-image.png,side,True,west,True,597,1.005,0.6556138507273221,0.31122770145464435,F,0.13684346104896625,0.04833333333333331,0.003333333333333327,0.044999999999999984,0.0,0.04833333333333333,False
cW1_33,cW1,33,c6f74a94-image.png,side,True,west,True,598,1.0033,0.75,0.5,F,0.17,0.07000000000000002,0.03333333333333334,0.03666666666666668,0.0,0.0,True
cW1_34,cW1,34,c6f74a94-image.png,side,True,west,True,595,1.0084,0.8762674519035045,0.752534903807009,F,0.1830657916384687,0.0815307820299501,0.04825291181364394,0.033277870216306155,0.008319467554076539,0.0,False
cW1_35,cW1,35,c6f74a94-image.png,side,True,west,True,591,1.0152,0.0,0.0,N,0.3097026023147227,0.09136212624584719,0.051495016611295685,0.039867109634551506,0.008305647840531562,0.0016611295681063123,False
cW2_00,cW2,0,4d896041-image.png,side,True,west,True,589,1.0187,0.5,0.0,F,0.3448451187925737,0.10333333333333336,0.05500000000000002,0.04833333333333334,0.006666666666666667,0.0,False
cW2_01,cW2,1,4d896041-image.png,side,True,west,True,586,1.0239,0.5,0.0,F,0.371726846107154,0.11225000000000002,0.060000000000000026,0.05224999999999999,0.0016666666666666668,0.0,False
cW2_02,cW2,2,4d896041-image.png,side,True,west,True,588,1.0204,0.5,0.0,F,0.35001419247115967,0.12166666666666666,0.06166666666666666,0.06,0.0,0.02,False
cW2_03,cW2,3,4d896041-image.png,side,True,west,True,593,1.0118,0.5891878073133616,0.17837561462672324,F,0.23437570757153187,0.05766666666666728,0.0043333333333339386,0.053333333333333344,0.0,0.05,False
cW2_04,cW2,4,4d896041-image.png,side,True,west,True,596,1.0067,0.75,0.5,F,0.215,0.049999999999999975,0.0049999999999999906,0.044999999999999984,0.0,0.0,True
cW2_05,cW2,5,4d896041-image.png,side,True,west,True,595,1.0084,0.75,0.5,F,0.18,0.065,0.024999999999999994,0.04000000000000001,0.0,0.0,True
cW2_06,cW2,6,4d896041-image.png,side,True,west,True,594,1.0101,0.8926984902450037,0.7853969804900074,F,0.20797589450032405,0.09000000000000002,0.04666666666666669,0.043333333333333335,0.01,0.0,False
cW2_07,cW2,7,4d896041-image.png,side,True,west,True,589,1.0187,0.0,0.0,N,0.30800208838268966,0.09000000000000002,0.053333333333333344,0.03666666666666668,0.005,0.0,False
cW2_08,cW2,8,4d896041-image.png,side,True,west,True,586,1.0239,0.0,0.0,N,0.35559634280761593,0.09999999999999998,0.05833333333333332,0.04166666666666666,0.0,0.005,False
cW2_09,cW2,9,4d896041-image.png,side,True,west,True,588,1.0204,0.0,0.0,N,0.3544433209057016,0.10500000000000001,0.06,0.04500000000000001,0.0,0.011666666666666667,False
cW2_10,cW2,10,4d896041-image.png,side,True,west,True,595,1.0084,0.0,0.0,N,0.28943231078213066,0.10333333333333333,0.05833333333333332,0.04500000000000001,0.0,0.05333333333333334,False
cW2_11,cW2,11,4d896041-image.png,side,True,west,True,600,1.0,0.25,0.5,N,0.17,0.05499999999999999,0.013333333333333336,0.04166666666666666,0.0,0.0,True
cW2_12,cW2,12,4d896041-image.png,side,True,west,True,600,1.0,0.25,0.5,N,0.215,0.06886666666666619,0.023866666666666175,0.04500000000000001,0.0,0.0,True
cW2_13,cW2,13,4d896041-image.png,side,True,west,True,600,1.0,0.382785413082174,0.765570826164348,N,0.19352808158618265,0.07,0.024999999999999994,0.04500000000000001,0.023333333333333334,0.0,False
cW2_14,cW2,14,4d896041-image.png,side,True,west,True,592,1.0135,0.5,0.0,F,0.3189336782758446,0.11518333333333279,0.06184999999999945,0.053333333333333344,0.013333333333333334,0.0,False
cW2_15,cW2,15,4d896041-image.png,side,True,west,True,587,1.0221,0.5,0.0,F,0.36296436480134925,0.13,0.065,0.065,0.006666666666666667,0.0,False
cW2_16,cW2,16,4d896041-image.png,side,True,west,True,586,1.0239,0.5,0.0,F,0.36779658368439927,0.14785000000000004,0.07285000000000005,0.07499999999999998,0.0,0.0016666666666666668,False
cW2_17,cW2,17,4d896041-image.png,side,True,west,True,592,1.0135,0.5,0.0,F,0.30306782930643983,0.08968333333333336,0.026666666666666672,0.06301666666666669,0.0,0.03833333333333333,False
cW2_18,cW2,18,4d896041-image.png,side,True,west,True,595,1.0084,0.6469342087462897,0.2938684174925793,F,0.15021322293999947,0.04999999999999999,0.0050000000000000044,0.044999999999999984,0.0,0.04833333333333333,False
cW2_19,cW2,19,4d896041-image.png,side,True,west,True,596,1.0067,0.75,0.5,F,0.16166666666666665,0.07166666666666667,0.03666666666666667,0.035,0.0,0.0,True
cW2_20,cW2,20,4d896041-image.png,side,True,west,True,595,1.0084,0.75,0.5,F,0.29833333333333334,0.07833333333333331,0.044999999999999984,0.033333333333333326,0.0,0.0,True
cW2_21,cW2,21,4d896041-image.png,side,True,west,True,588,1.0204,0.0,0.0,N,0.30140277349768874,0.095,0.05666666666666667,0.03833333333333333,0.005,0.0,False
cW2_22,cW2,22,4d896041-image.png,side,True,west,True,585,1.0256,0.0,0.0,N,0.34088635994241673,0.10166666666666668,0.061666666666666675,0.04000000000000001,0.0,0.0,False
cW2_23,cW2,23,4d896041-image.png,side,True,west,True,587,1.0221,0.0,0.0,N,0.3490502143068283,0.10666666666666666,0.061666666666666675,0.044999999999999984,0.0,0.008333333333333333,False
cW2_24,cW2,24,4d896041-image.png,side,True,west,True,595,1.0084,0.0,0.0,N,0.2857507483767603,0.10259999999999997,0.05666666666666664,0.045933333333333326,0.0,0.05,False
cW2_25,cW2,25,4d896041-image.png,side,True,west,True,598,1.0033,0.12604356065928402,0.25208712131856803,N,0.1806602950507614,0.08666666666666667,0.043333333333333335,0.043333333333333335,0.0,0.06,False
cW2_26,cW2,26,4d896041-image.png,side,True,west,True,601,0.9983,0.25,0.5,N,0.18333333333333332,0.065,0.021666666666666667,0.043333333333333335,0.0,0.0,True
cW2_27,cW2,27,4d896041-image.png,side,True,west,True,600,1.0,0.25,0.5,N,0.25166666666666665,0.06666666666666667,0.02500000000000001,0.04166666666666666,0.0,0.0,True
cW2_28,cW2,28,4d896041-image.png,side,True,west,True,594,1.0101,0.5,0.0,F,0.28717350603171093,0.09956666666666669,0.05833333333333335,0.041233333333333344,0.018333333333333333,0.0,False
cW2_29,cW2,29,4d896041-image.png,side,True,west,True,588,1.0204,0.5,0.0,F,0.35336265811265816,0.12499999999999999,0.06666666666666667,0.05833333333333332,0.008333333333333333,0.0,False
cW2_30,cW2,30,4d896041-image.png,side,True,west,True,586,1.0239,0.5,0.0,F,0.36321775846943904,0.1391333333333326,0.07413333333333261,0.065,0.0016666666666666668,0.0,False
cW2_31,cW2,31,4d896041-image.png,side,True,west,True,588,1.0204,0.5,0.0,F,0.3517983002207506,0.12295000000000003,0.06,0.06295000000000003,0.0,0.011666666666666667,False
cW2_32,cW2,32,4d896041-image.png,side,True,west,True,595,1.0084,0.6567899561525982,0.31357991230519633,F,0.13584896527142176,0.04833333333333334,0.0050000000000000044,0.043333333333333335,0.0,0.043333333333333335,False
cW2_33,cW2,33,4d896041-image.png,side,True,west,True,596,1.0067,0.75,0.5,F,0.16333333333333333,0.07166666666666668,0.033333333333333326,0.03833333333333336,0.0,0.0,True
cW2_34,cW2,34,4d896041-image.png,side,True,west,True,594,1.0101,0.8756086685269241,0.7512173370538482,F,0.1830683362453893,0.08445000000000003,0.051666666666666666,0.03278333333333336,0.008333333333333333,0.0,False
cW2_35,cW2,35,4d896041-image.png,side,True,west,True,590,1.0169,0.0,0.0,N,0.31427006044118794,0.09568333333333334,0.05666666666666667,0.03901666666666667,0.006666666666666667,0.0,False
nE1_00,nE1,0,8d1a674b-image.png,side,False,east,False,685,0.8759,0.4337922102863304,0.8675844205726608,N,0.23316783403862057,0.14166666666666664,0.049999999999999996,0.09166666666666665,0.025,0.0,False
nE1_01,nE1,1,8d1a674b-image.png,side,False,east,False,682,0.8798,0.5,0.0,F,0.28193307511944465,0.15666666666666668,0.07,0.08666666666666667,0.018333333333333333,0.0,False
nE1_02,nE1,2,8d1a674b-image.png,side,False,east,False,674,0.8902,0.5,0.0,F,0.3111357000915199,0.16193656093489148,0.07679465776293823,0.08514190317195325,0.0,0.0,False
nE1_03,nE1,3,8d1a674b-image.png,side,False,east,False,677,0.8863,0.5,0.0,F,0.29827626438136795,0.15999999999999998,0.07166666666666666,0.08833333333333332,0.0,0.011666666666666667,False
nE1_04,nE1,4,8d1a674b-image.png,side,False,east,False,677,0.8863,0.5,0.0,F,0.2740952417975432,0.14488333333333306,0.051549999999999735,0.09333333333333332,0.0,0.025,False
nE1_05,nE1,5,8d1a674b-image.png,side,False,east,False,677,0.8863,0.6225796379935817,0.24515927598716353,F,0.1616517358116956,0.11333333333333334,0.019999999999999997,0.09333333333333335,0.0,0.03333333333333333,False
nE1_06,nE1,6,8d1a674b-image.png,side,False,east,False,677,0.8863,0.75,0.5,F,0.125,0.11333333333333334,0.04666666666666666,0.06666666666666668,0.0,0.0,True
nE1_07,nE1,7,8d1a674b-image.png,side,False,east,False,676,0.8876,0.75,0.5,F,0.17833333333333334,0.11499999999999998,0.05499999999999999,0.059999999999999984,0.0,0.0,True
nE1_08,nE1,8,8d1a674b-image.png,side,False,east,False,677,0.8863,0.92017928155086,0.8403585631017201,F,0.21589780337068978,0.10500000000000001,0.07166666666666667,0.03333333333333334,0.0,0.0033333333333333335,False
nE1_09,nE1,9,8d1a674b-image.png,side,False,east,False,677,0.8863,0.0,0.0,N,0.27025954617542997,0.11515000000000003,0.07499999999999998,0.04015000000000005,0.0,0.008333333333333333,False
nE1_10,nE1,10,8d1a674b-image.png,side,False,east,False,678,0.885,0.0,0.0,N,0.3022686414695628,0.12166666666666666,0.07666666666666666,0.045,0.0,0.016666666666666666,False
nE1_11,nE1,11,8d1a674b-image.png,side,False,east,False,681,0.8811,0.0,0.0,N,0.31514939309056955,0.11999999999999997,0.07499999999999998,0.044999999999999984,0.0,0.025,False
nE1_12,nE1,12,8d1a674b-image.png,side,False,east,False,683,0.8785,0.0,0.0,N,0.28811159877545917,0.10499999999999998,0.06666666666666665,0.03833333333333333,0.0,0.04666666666666667,False
nE1_13,nE1,13,8d1a674b-image.png,side,False,east,False,684,0.8772,0.11816622157348647,0.23633244314697294,N,0.16725081286605453,0.09833333333333334,0.051666666666666666,0.046666666666666676,0.0,0.058333333333333334,False
nE1_14,nE1,14,8d1a674b-image.png,side,False,east,False,686,0.8746,0.25,0.5,N,0.12687813021702837,0.1101836393989983,0.0350584307178631,0.07512520868113522,0.0,0.0,True
nE1_15,nE1,15,8d1a674b-image.png,side,False,east,False,685,0.8759,0.3782855045771072,0.7565710091542144,N,0.16274929821125472,0.12666666666666668,0.034999999999999996,0.09166666666666667,0.02666666666666667,0.0,False
nE1_16,nE1,16,8d1a674b-image.png,side,False,east,False,685,0.8759,0.4277923872203171,0.8555847744406342,N,0.2255561635182116,0.14333333333333334,0.04833333333333333,0.095,0.025,0.0,False
nE1_17,nE1,17,8d1a674b-image.png,side,False,east,False,678,0.885,0.5,0.0,F,0.30687981127260255,0.16666666666666663,0.07333333333333332,0.09333333333333332,0.011666666666666667,0.0,False
nE1_18,nE1,18,8d1a674b-image.png,side,False,east,False,674,0.8902,0.5,0.0,F,0.3148004482372209,0.16476666666666667,0.07666666666666667,0.08810000000000001,0.0033333333333333335,0.0,False
nE1_19,nE1,19,8d1a674b-image.png,side,False,east,False,676,0.8876,0.5,0.0,F,0.3079099136730716,0.16333333333333333,0.07166666666666666,0.09166666666666667,0.0,0.01,False
nE1_20,nE1,20,8d1a674b-image.png,side,False,east,False,677,0.8863,0.5,0.0,F,0.28474924917240885,0.14831666666666704,0.05498333333333373,0.09333333333333332,0.0,0.023333333333333334,False
nE1_21,nE1,21,8d1a674b-image.png,side,False,east,False,677,0.8863,0.6084890392270439,0.2169780784540879,F,0.17952776216549174,0.11185308848080133,0.02170283806343907,0.09015025041736227,0.0,0.0333889816360601,False
nE1_22,nE1,22,8d1a674b-image.png,side,False,east,False,678,0.885,0.75,0.5,F,0.13666666666666666,0.10589999999999994,0.0425666666666666,0.06333333333333334,0.0,0.0,True
nE1_23,nE1,23,8d1a674b-image.png,side,False,east,False,676,0.8876,0.75,0.5,F,0.15166666666666667,0.105,0.05333333333333333,0.051666666666666666,0.0,0.0,True
nE1_24,nE1,24,8d1a674b-image.png,side,False,east,False,677,0.8863,0.9071089431621228,0.8142178863242455,F,0.1993161294928585,0.09983361064891846,0.06821963394342763,0.031613976705490834,0.0,0.0033277870216306157,False
nE1_25,nE1,25,8d1a674b-image.png,side,False,east,False,676,0.8876,0.0,0.0,N,0.25662097002079065,0.11018363939899832,0.07512520868113522,0.035058430717863104,0.0,0.005008347245409015,False
nE1_26,nE1,26,8d1a674b-image.png,side,False,east,False,680,0.8824,0.0,0.0,N,0.3146370422807131,0.13163333333333332,0.07500000000000001,0.05663333333333333,0.0,0.02,False
nE1_27,nE1,27,8d1a674b-image.png,side,False,east,False,682,0.8798,0.0,0.0,N,0.3232009853221975,0.33666666666666667,0.07166666666666666,0.265,0.0,0.03,False
nE1_28,nE1,28,8d1a674b-image.png,side,False,east,False,683,0.8785,0.0,0.0,N,0.31169994553376906,0.11,0.06999999999999999,0.04000000000000001,0.0,0.03833333333333333,False
nE1_29,nE1,29,8d1a674b-image.png,side,False,east,False,685,0.8759,0.06870881634426318,0.13741763268852636,N,0.22999490869309094,0.11499999999999999,0.05500000000000001,0.059999999999999984,0.0,0.06,False
nE1_30,nE1,30,8d1a674b-image.png,side,False,east,False,686,0.8746,0.1240996426759709,0.2481992853519418,N,0.1597233831412038,0.10833333333333334,0.04833333333333334,0.06,0.0,0.06333333333333334,False
nE1_31,nE1,31,8d1a674b-image.png,side,False,east,False,687,0.8734,0.25,0.5,N,0.12333333333333334,0.11499999999999999,0.03666666666666666,0.07833333333333332,0.0,0.0,True
nE1_32,nE1,32,8d1a674b-image.png,side,False,east,False,686,0.8746,0.3308504495830912,0.6617008991661824,N,0.10257085532063036,0.12146422628951747,0.03826955074875208,0.0831946755407654,0.029950083194675542,0.0,False
nE1_33,nE1,33,8d1a674b-image.png,side,False,east,False,684,0.8772,0.42828888688134925,0.8565777737626985,N,0.22618604739840115,0.14166666666666666,0.049999999999999996,0.09166666666666667,0.023333333333333334,0.0,False
nE1_34,nE1,34,8d1a674b-image.png,side,False,east,False,681,0.8811,0.5,0.0,F,0.28198815701440905,0.15333333333333332,0.065,0.08833333333333332,0.018333333333333333,0.0,False
nE1_35,nE1,35,8d1a674b-image.png,side,False,east,False,672,0.8929,0.5,0.0,F,0.326974520489691,0.15999999999999998,0.07333333333333332,0.08666666666666667,0.0,0.0,False
nE2_00,nE2,0,9aa81035-image.png,side,False,east,False,685,0.8759,0.43507265748130297,0.8701453149626059,N,0.2332181626940663,0.145,0.049999999999999996,0.095,0.025,0.0,False
nE2_01,nE2,1,9aa81035-image.png,side,False,east,False,682,0.8798,0.5,0.0,F,0.28187360169721226,0.15666666666666668,0.07,0.08666666666666667,0.018333333333333333,0.0,False
nE2_02,nE2,2,9aa81035-image.png,side,False,east,False,678,0.885,0.5,0.0,F,0.30529064334378225,0.15911666666666668,0.075,0.0841166666666667,0.011666666666666667,0.0,False
nE2_03,nE2,3,9aa81035-image.png,side,False,east,False,674,0.8902,0.5,0.0,F,0.3111970046208641,0.16193656093489148,0.07679465776293823,0.08514190317195325,0.0,0.0,False
nE2_04,nE2,4,9aa81035-image.png,side,False,east,False,677,0.8863,0.5,0.0,F,0.29831944444444447,0.1633333333333333,0.07166666666666666,0.09166666666666665,0.0,0.011666666666666667,False
nE2_05,nE2,5,9aa81035-image.png,side,False,east,False,677,0.8863,0.5,0.0,F,0.27390262515262515,0.1416666666666667,0.05000000000000001,0.09166666666666667,0.0,0.025,False
nE2_06,nE2,6,9aa81035-image.png,side,False,east,False,677,0.8863,0.569377048137768,0.1387540962755361,F,0.22761089372666604,0.12386666666666665,0.02833333333333333,0.09553333333333333,0.0,0.03166666666666667,False
nE2_07,nE2,7,9aa81035-image.png,side,False,east,False,676,0.8876,0.6223839890823247,0.2447679781646495,F,0.1608145255037086,0.11148086522462564,0.019966722129783697,0.09151414309484193,0.0,0.033277870216306155,False
nE2_08,nE2,8,9aa81035-image.png,side,False,east,False,677,0.8863,0.75,0.5,F,0.18166666666666667,0.11333333333333331,0.03166666666666666,0.08166666666666665,0.0,0.0,True
nE2_09,nE2,9,9aa81035-image.png,side,False,east,False,677,0.8863,0.75,0.5,F,0.125,0.10999999999999999,0.04666666666666666,0.06333333333333332,0.0,0.0,True
nE2_10,nE2,10,9aa81035-image.png,side,False,east,False,676,0.8876,0.75,0.5,F,0.17833333333333334,0.10166666666666664,0.05499999999999999,0.04666666666666665,0.0,0.0,True
nE2_11,nE2,11,9aa81035-image.png,side,False,east,False,676,0.8876,0.8698097959225847,0.7396195918451693,F,0.15097757204161324,0.09333333333333334,0.065,0.028333333333333335,0.0,0.0,False
nE2_12,nE2,12,9aa81035-image.png,side,False,east,False,677,0.8863,0.9212698594763347,0.8425397189526693,F,0.21582465230433598,0.10833333333333334,0.07166666666666667,0.03666666666666667,0.0,0.0033333333333333335,False
nE2_13,nE2,13,9aa81035-image.png,side,False,east,False,677,0.8863,0.0,0.0,N,0.2702283205704339,0.11681666666666671,0.07499999999999998,0.041816666666666724,0.0,0.008333333333333333,False
nE2_14,nE2,14,9aa81035-image.png,side,False,east,False,678,0.885,0.0,0.0,N,0.30230876501794357,0.12333333333333331,0.07666666666666666,0.04666666666666665,0.0,0.016666666666666666,False
nE2_15,nE2,15,9aa81035-image.png,side,False,east,False,681,0.8811,0.0,0.0,N,0.3151929530201342,0.12499999999999997,0.07499999999999998,0.04999999999999999,0.0,0.025,False
nE2_16,nE2,16,9aa81035-image.png,side,False,east,False,683,0.8785,0.0,0.0,N,0.28819415047443375,0.10499999999999998,0.06666666666666665,0.03833333333333333,0.0,0.04666666666666667,False
nE2_17,nE2,17,9aa81035-image.png,side,False,east,False,683,0.8785,0.0,0.0,N,0.23964276627329958,0.09484193011647254,0.05657237936772047,0.038269550748752074,0.0,0.05823627287853577,False
nE2_18,nE2,18,9aa81035-image.png,side,False,east,False,684,0.8772,0.11727640743987236,0.23455281487974472,N,0.16725081286605453,0.09833333333333334,0.051666666666666666,0.046666666666666676,0.0,0.058333333333333334,False
nE2_19,nE2,19,9aa81035-image.png,side,False,east,False,686,0.8746,0.25,0.5,N,0.12687813021702837,0.1118530884808013,0.0350584307178631,0.07679465776293821,0.0,0.0,True
nE2_20,nE2,20,9aa81035-image.png,side,False,east,False,685,0.8759,0.3255299944207264,0.6510599888414528,N,0.09517865451775037,0.12499999999999997,0.03833333333333332,0.08666666666666666,0.03166666666666667,0.0,False
nE2_21,nE2,21,9aa81035-image.png,side,False,east,False,685,0.8759,0.3790480620200327,0.7580961240400654,N,0.1626191158279685,0.12333333333333335,0.034999999999999996,0.08833333333333335,0.02666666666666667,0.0,False
nE2_22,nE2,22,9aa81035-image.png,side,False,east,False,685,0.8759,0.428992399697285,0.85798479939457,N,0.2255561635182116,0.14333333333333334,0.04833333333333333,0.095,0.025,0.0,False
nE2_23,nE2,23,9aa81035-image.png,side,False,east,False,682,0.8798,0.5,0.0,F,0.2797543885697675,0.15806988352745424,0.064891846921797,0.09317803660565724,0.019966722129783693,0.0,False
nE2_24,nE2,24,9aa81035-image.png,side,False,east,False,678,0.885,0.5,0.0,F,0.30703736451916264,0.16333333333333333,0.07333333333333332,0.09,0.011666666666666667,0.0,False
nE2_25,nE2,25,9aa81035-image.png,side,False,east,False,674,0.8902,0.5,0.0,F,0.3148004482372209,0.1619,0.07666666666666667,0.0852333333333333,0.0033333333333333335,0.0,False
nE2_26,nE2,26,9aa81035-image.png,side,False,east,False,676,0.8876,0.5,0.0,F,0.3079597017094192,0.16333333333333333,0.07166666666666666,0.09166666666666667,0.0,0.01,False
nE2_27,nE2,27,9aa81035-image.png,side,False,east,False,677,0.8863,0.5,0.0,F,0.28474924917240885,0.1516500000000004,0.05498333333333373,0.09666666666666668,0.0,0.023333333333333334,False
nE2_28,nE2,28,9aa81035-image.png,side,False,east,False,677,0.8863,0.5,0.0,F,0.24170779947112342,0.129783693843594,0.03327787021630616,0.09650582362728785,0.0,0.03161397670549085,False
nE2_29,nE2,29,9aa81035-image.png,side,False,east,False,677,0.8863,0.6074996817907226,0.2149993635814451,F,0.17957089312042177,0.11018363939899833,0.02170283806343907,0.08848080133555927,0.0,0.0333889816360601,False
nE2_30,nE2,30,9aa81035-image.png,side,False,east,False,677,0.8863,0.6658248196759127,0.33164963935182545,F,0.10607283197199782,0.10833333333333332,0.026666666666666672,0.08166666666666665,0.0,0.03,False
nE2_31,nE2,31,9aa81035-image.png,side,False,east,False,678,0.885,0.75,0.5,F,0.13666666666666666,0.10923333333333327,0.0425666666666666,0.06666666666666667,0.0,0.0,True
nE2_32,nE2,32,9aa81035-image.png,side,False,east,False,676,0.8876,0.75,0.5,F,0.15166666666666667,0.10833333333333332,0.05333333333333333,0.05499999999999999,0.0,0.0,True
nE2_33,nE2,33,9aa81035-image.png,side,False,east,False,677,0.8863,0.9081333977265649,0.8162667954531297,F,0.19927082141825986,0.09816971713810316,0.06821963394342763,0.029950083194675528,0.0,0.0033277870216306157,False
nE2_34,nE2,34,9aa81035-image.png,side,False,east,False,676,0.8876,0.0,0.0,N,0.25662097002079065,0.11018363939899832,0.07512520868113522,0.035058430717863104,0.0,0.005008347245409015,False
nE2_35,nE2,35,9aa81035-image.png,side,False,east,False,678,0.885,0.0,0.0,N,0.2936969451385606,0.11833333333333335,0.07500000000000001,0.043333333333333335,0.0,0.013333333333333334,False
nE2_36,nE2,36,9aa81035-image.png,side,False,east,False,680,0.8824,0.0,0.0,N,0.3146370422807131,0.12166666666666669,0.07500000000000001,0.046666666666666676,0.0,0.02,False
nE2_37,nE2,37,9aa81035-image.png,side,False,east,False,682,0.8798,0.0,0.0,N,0.3232009853221975,0.12333333333333332,0.07166666666666666,0.051666666666666666,0.0,0.03,False
nE2_38,nE2,38,9aa81035-image.png,side,False,east,False,683,0.8785,0.0,0.0,N,0.3117124224942137,0.11666666666666665,0.06999999999999999,0.04666666666666666,0.0,0.03833333333333333,False
nE2_39,nE2,39,9aa81035-image.png,side,False,east,False,684,0.8772,0.0,0.0,N,0.2796910599060507,0.1064891846921797,0.061564059900166376,0.04492512479201333,0.0,0.048252911813643926,False
nE2_40,nE2,40,9aa81035-image.png,side,False,east,False,685,0.8759,0.06753078177515676,0.1350615635503135,N,0.22993745484483422,0.3416666666666666,0.05500000000000001,0.2866666666666666,0.0,0.06,False
nE2_41,nE2,41,9aa81035-image.png,side,False,east,False,686,0.8746,0.1238399273644964,0.2476798547289928,N,0.15897983389780065,0.10851419031719532,0.048414023372287146,0.060100166944908176,0.0,0.06176961602671119,False
nE2_42,nE2,42,9aa81035-image.png,side,False,east,False,686,0.8746,0.25,0.5,N,0.16026711185308848,0.1101836393989983,0.03672787979966611,0.0734557595993322,0.0,0.0,True
nE2_43,nE2,43,9aa81035-image.png,side,False,east,False,687,0.8734,0.25,0.5,N,0.12333333333333334,0.11833333333333335,0.03666666666666666,0.08166666666666668,0.0,0.0,True
nE2_44,nE2,44,9aa81035-image.png,side,False,east,False,686,0.8746,0.33139615094739056,0.6627923018947811,N,0.10257085532063036,0.129783693843594,0.03826955074875208,0.09151414309484193,0.029950083194675542,0.0,False
nE2_45,nE2,45,9aa81035-image.png,side,False,east,False,686,0.8746,0.3847738865716746,0.7695477731433492,N,0.16983447816196104,0.12833333333333333,0.03833333333333332,0.09,0.02666666666666667,0.0,False
nE2_46,nE2,46,9aa81035-image.png,side,False,east,False,684,0.8772,0.42953444606102703,0.8590688921220541,N,0.22623921988519385,0.13999999999999999,0.049999999999999996,0.09,0.023333333333333334,0.0,False
nE2_47,nE2,47,9aa81035-image.png,side,False,east,False,681,0.8811,0.5,0.0,F,0.2820470481514171,0.15333333333333332,0.065,0.08833333333333332,0.018333333333333333,0.0,False
nE2_48,nE2,48,9aa81035-image.png,side,False,east,False,672,0.8929,0.5,0.0,F,0.3275616973227893,0.1619365609348915,0.07345575959933222,0.08848080133555927,0.0,0.0,False
nE3_00,nE3,0,7ca1f857-image.png,side,False,east,False,677,0.8863,0.0,0.0,N,0.2959145106948566,0.10666666666666667,0.07500000000000001,0.03166666666666666,0.0,0.01,False
nE3_01,nE3,1,7ca1f857-image.png,side,False,east,False,674,0.8902,0.0,0.0,N,0.3155539595340839,0.11018363939899832,0.0717863105175292,0.038397328881469114,0.0,0.01669449081803005,False
nE3_02,nE3,2,7ca1f857-image.png,side,False,east,False,672,0.8929,0.0,0.0,N,0.3237670315122682,0.10981697171381032,0.07321131447587353,0.03660565723793678,0.0,0.02329450915141431,False
nE3_03,nE3,3,7ca1f857-image.png,side,False,east,False,674,0.8902,0.0,0.0,N,0.29422767407995765,0.10728333333333313,0.07561666666666647,0.03166666666666666,0.0,0.035,False
nE3_04,nE3,4,7ca1f857-image.png,side,False,east,False,679,0.8837,0.07184034596983241,0.14368069193966482,N,0.23070273392859383,0.105,0.07166666666666666,0.03333333333333334,0.0,0.041666666666666664,False
nE3_05,nE3,5,7ca1f857-image.png,side,False,east,False,688,0.8721,0.25,0.5,N,0.17195325542570952,0.09181969949916527,0.03171953255425709,0.060100166944908176,0.0,0.0,True
nE3_06,nE3,6,7ca1f857-image.png,side,False,east,False,692,0.8671,0.25,0.5,N,0.1285475792988314,0.08911519198664458,0.024006677796327397,0.06510851419031718,0.0,0.0,True
nE3_07,nE3,7,7ca1f857-image.png,side,False,east,False,692,0.8671,0.34614402896408075,0.6922880579281615,N,0.12449895265943607,0.11352253756260433,0.04340567612687812,0.07011686143572621,0.02337228714524207,0.0,False
nE3_08,nE3,8,7ca1f857-image.png,side,False,east,False,691,0.8683,0.40089118002485336,0.8017823600497067,N,0.19539220564242224,0.14333333333333334,0.06833333333333333,0.07500000000000001,0.02666666666666667,0.0,False
nE3_09,nE3,9,7ca1f857-image.png,side,False,east,False,688,0.8721,0.5,0.0,F,0.25709756097560976,0.14666666666666667,0.08000000000000002,0.06666666666666665,0.018333333333333333,0.0,False
nE3_10,nE3,10,7ca1f857-image.png,side,False,east,False,684,0.8772,0.5,0.0,F,0.2891240422610258,0.13833333333333336,0.08166666666666668,0.05666666666666667,0.01,0.0,False
nE3_11,nE3,11,7ca1f857-image.png,side,False,east,False,678,0.885,0.5,0.0,F,0.3061790536075604,0.13833333333333334,0.085,0.05333333333333333,0.0,0.0,False
nE3_12,nE3,12,7ca1f857-image.png,side,False,east,False,675,0.8889,0.5,0.0,F,0.32384638630965984,0.1335559265442404,0.07846410684474123,0.05509181969949917,0.0,0.00667779632721202,False
nE3_13,nE3,13,7ca1f857-image.png,side,False,east,False,673,0.8915,0.5,0.0,F,0.31263407672809523,0.13666666666666666,0.08,0.05666666666666666,0.0,0.013333333333333334,False
nE3_14,nE3,14,7ca1f857-image.png,side,False,east,False,676,0.8876,0.5,0.0,F,0.2697712119445619,0.15000000000000002,0.07833333333333332,0.07166666666666668,0.0,0.02666666666666667,False
nE3_15,nE3,15,7ca1f857-image.png,side,False,east,False,683,0.8785,0.671692515346689,0.34338503069337795,F,0.10140203120023573,0.11980033277870217,0.024958402662229623,0.09484193011647254,0.0,0.03161397670549085,False
nE3_16,nE3,16,7ca1f857-image.png,side,False,east,False,686,0.8746,0.75,0.5,F,0.129783693843594,0.10149750415973377,0.0016638935108153133,0.09983361064891846,0.0,0.0,True
nE3_17,nE3,17,7ca1f857-image.png,side,False,east,False,687,0.8734,0.75,0.5,F,0.18333333333333332,0.10666666666666667,0.021666666666666667,0.085,0.0,0.0,True
nE3_18,nE3,18,7ca1f857-image.png,side,False,east,False,686,0.8746,0.8703596923294812,0.7407193846589624,F,0.15585633136958107,0.12166666666666667,0.051666666666666666,0.07,0.015,0.0,False
nE3_19,nE3,19,7ca1f857-image.png,side,False,east,False,685,0.8759,0.9299608088641473,0.8599216177282948,F,0.23303508771929823,0.12,0.06999999999999999,0.05,0.008333333333333333,0.0,False
nE3_20,nE3,20,7ca1f857-image.png,side,False,east,False,680,0.8824,0.0,0.0,N,0.28283147245776263,0.11541666666666664,0.07999999999999999,0.03541666666666665,0.0033333333333333335,0.0,False
nE3_21,nE3,21,7ca1f857-image.png,side,False,east,False,677,0.8863,0.0,0.0,N,0.3000576340972198,0.11666666666666667,0.08,0.03666666666666667,0.0,0.005,False
nE3_22,nE3,22,7ca1f857-image.png,side,False,east,False,677,0.8863,0.0,0.0,N,0.31288944159997617,0.11519198664440734,0.07846410684474123,0.036727879799666116,0.0,0.01001669449081803,False
nE3_23,nE3,23,7ca1f857-image.png,side,False,east,False,674,0.8902,0.0,0.0,N,0.3260851625509271,0.11615000000000002,0.07500000000000001,0.041150000000000006,0.0,0.018333333333333333,False
nE3_24,nE3,24,7ca1f857-image.png,side,False,east,False,673,0.8915,0.0,0.0,N,0.323807306763285,0.11999999999999998,0.07666666666666666,0.04333333333333332,0.0,0.023333333333333334,False
nE3_25,nE3,25,7ca1f857-image.png,side,False,east,False,675,0.8889,0.0,0.0,N,0.2799537786269519,0.11021666666666666,0.075,0.03521666666666666,0.0,0.03333333333333333,False
nE3_26,nE3,26,7ca1f857-image.png,side,False,east,False,679,0.8837,0.09440368864261686,0.18880737728523372,N,0.20148498050672398,0.10918469217970032,0.06425956738768701,0.04492512479201331,0.0,0.03993344425956739,False
nE3_27,nE3,27,7ca1f857-image.png,side,False,east,False,688,0.8721,0.25,0.5,N,0.15333333333333332,0.08833333333333332,0.019999999999999997,0.06833333333333333,0.0,0.0,True
nE3_28,nE3,28,7ca1f857-image.png,side,False,east,False,690,0.8696,0.25,0.5,N,0.18030050083472454,0.1001669449081803,0.026711185308848084,0.07345575959933222,0.0,0.0,True
nE3_29,nE3,29,7ca1f857-image.png,side,False,east,False,691,0.8683,0.3688702943828328,0.7377405887656656,N,0.15392767821817094,0.12999999999999998,0.049999999999999996,0.07999999999999999,0.025,0.0,False
nE3_30,nE3,30,7ca1f857-image.png,side,False,east,False,690,0.8696,0.42342311953461853,0.8468462390692371,N,0.22456929443906035,0.14666666666666667,0.06999999999999999,0.07666666666666666,0.023333333333333334,0.0,False
nE3_31,nE3,31,7ca1f857-image.png,side,False,east,False,682,0.8798,0.5,0.0,F,0.28928788597891586,0.145,0.08166666666666665,0.06333333333333334,0.006666666666666667,0.0,False
nE3_32,nE3,32,7ca1f857-image.png,side,False,east,False,677,0.8863,0.5,0.0,F,0.30365342289010316,0.1433333333333333,0.08166666666666665,0.061666666666666675,0.0,0.0,False
nE3_33,nE3,33,7ca1f857-image.png,side,False,east,False,675,0.8889,0.5,0.0,F,0.3226054616470899,0.13833333333333334,0.07833333333333334,0.06,0.0,0.005,False
nE3_34,nE3,34,7ca1f857-image.png,side,False,east,False,674,0.8902,0.5,0.0,F,0.3087526823358594,0.14666666666666667,0.08166666666666667,0.06500000000000002,0.0,0.015,False
nE3_35,nE3,35,7ca1f857-image.png,side,False,east,False,677,0.8863,0.5,0.0,F,0.25734061739895464,0.15333333333333332,0.07499999999999998,0.07833333333333332,0.0,0.028333333333333332,False
nE3_36,nE3,36,7ca1f857-image.png,side,False,east,False,680,0.8824,0.6122253150902791,0.22445063018055816,F,0.17840737650647365,0.15666666666666668,0.06333333333333334,0.09333333333333332,0.0,0.03166666666666667,False
nE3_37,nE3,37,7ca1f857-image.png,side,False,east,False,684,0.8772,0.75,0.5,F,0.20166666666666666,0.12166666666666667,0.023333333333333338,0.09833333333333333,0.0,0.0,True
nE3_38,nE3,38,7ca1f857-image.png,side,False,east,False,686,0.8746,0.75,0.5,F,0.13166666666666665,0.1,0.003333333333333334,0.09666666666666668,0.0,0.0,True
nE3_39,nE3,39,7ca1f857-image.png,side,False,east,False,687,0.8734,0.8187600221488487,0.6375200442976974,F,0.08903881847482695,0.11018363939899832,0.023372287145242074,0.08681135225375625,0.01669449081803005,0.0,False
nE3_40,nE3,40,7ca1f857-image.png,side,False,east,False,688,0.8721,0.8789831092209385,0.757966218441877,F,0.1670229777323335,0.12166666666666666,0.051666666666666666,0.06999999999999999,0.016666666666666666,0.0,False
nE3_41,nE3,41,7ca1f857-image.png,side,False,east,False,684,0.8772,0.9363881349091991,0.8727762698183984,F,0.24135796922979344,0.12166666666666665,0.06999999999999999,0.05166666666666665,0.01,0.0,False
nE3_42,nE3,42,7ca1f857-image.png,side,False,east,False,680,0.8824,0.0,0.0,N,0.28331844590534205,0.11499999999999999,0.07999999999999999,0.035,0.0033333333333333335,0.0,False
nE3_43,nE3,43,7ca1f857-image.png,side,False,east,False,677,0.8863,0.0,0.0,N,0.2999505110147768,0.11500000000000002,0.08166666666666668,0.03333333333333334,0.0,0.005,False
nE3_44,nE3,44,7ca1f857-image.png,side,False,east,False,676,0.8876,0.0,0.0,N,0.3084969534537993,0.11499999999999998,0.07833333333333332,0.03666666666666665,0.0,0.013333333333333334,False
nE3_45,nE3,45,7ca1f857-image.png,side,False,east,False,673,0.8915,0.0,0.0,N,0.316679707424028,0.11686143572621034,0.0734557595993322,0.04340567612687814,0.0,0.021702838063439065,False
nE3_46,nE3,46,7ca1f857-image.png,side,False,east,False,672,0.8929,0.0,0.0,N,0.2888817496288307,0.11436877076411964,0.07807308970099668,0.03629568106312296,0.0,0.03322259136212625,False
nE3_47,nE3,47,7ca1f857-image.png,side,False,east,False,684,0.8772,0.25,0.5,N,0.18,0.10333333333333333,0.03166666666666667,0.07166666666666667,0.0,0.0,True
nE3_48,nE3,48,7ca1f857-image.png,side,False,east,False,689,0.8708,0.25,0.5,N,0.1335559265442404,0.1018363939899833,0.025041736227045072,0.07679465776293823,0.0,0.0,True
nE3_49,nE3,49,7ca1f857-image.png,side,False,east,False,691,0.8683,0.3246259843013837,0.6492519686027673,N,0.0966347779140068,0.11314475873544091,0.03161397670549085,0.08153078202995007,0.024958402662229616,0.0,False
nE3_50,nE3,50,7ca1f857-image.png,side,False,east,False,692,0.8671,0.37411134650860434,0.7482226930172087,N,0.16071442834215258,0.13522537562604342,0.050083472454090144,0.08514190317195326,0.025041736227045076,0.0,False
nE3_51,nE3,51,7ca1f857-image.png,side,False,east,False,691,0.8683,0.42550517771331153,0.8510103554266231,N,0.22726539595900117,0.15166666666666667,0.06999999999999999,0.08166666666666667,0.021666666666666667,0.0,False
nE3_52,nE3,52,7ca1f857-image.png,side,False,east,False,687,0.8734,0.5,0.0,F,0.2720837453826481,0.1542570951585978,0.07746243739565958,0.07679465776293823,0.015025041736227046,0.0,False
nE3_53,nE3,53,7ca1f857-image.png,side,False,east,False,682,0.8798,0.5,0.0,F,0.2926267514586806,0.1497504159733777,0.08153078202995008,0.06821963394342763,0.008319467554076539,0.0,False
nE3_54,nE3,54,7ca1f857-image.png,side,False,east,False,677,0.8863,0.5,0.0,F,0.3064934310424507,0.145,0.08333333333333333,0.06166666666666666,0.0,0.0,False
nE3_55,nE3,55,7ca1f857-image.png,side,False,east,False,675,0.8889,0.5,0.0,F,0.3235223506580008,0.14196994991652595,0.07853088480801176,0.0634390651085142,0.0,0.005008347245409015,False
nE3_56,nE3,56,7ca1f857-image.png,side,False,east,False,674,0.8902,0.5,0.0,F,0.3129113267476761,0.14833333333333337,0.08000000000000002,0.06833333333333334,0.0,0.013333333333333334,False
nE3_57,nE3,57,7ca1f857-image.png,side,False,east,False,677,0.8863,0.5,0.0,F,0.273228867929351,0.15714999999999843,0.07714999999999843,0.08,0.0,0.025,False
nE3_58,nE3,58,7ca1f857-image.png,side,False,east,False,679,0.8837,0.5974388554669613,0.1948777109339226,F,0.1975546782836008,0.16306156405990016,0.064891846921797,0.09816971713810316,0.0,0.03161397670549085,False
nE3_59,nE3,59,7ca1f857-image.png,side,False,east,False,685,0.8759,0.6594395788663548,0.31887915773270975,F,0.11726861985104117,0.13333333333333333,0.026666666666666665,0.10666666666666666,0.0,0.035,False
nE3_60,nE3,60,7ca1f857-image.png,side,False,east,False,687,0.8734,0.75,0.5,F,0.14166666666666666,0.105,0.0016666666666666635,0.10333333333333333,0.0,0.0,True
nE3_61,nE3,61,7ca1f857-image.png,side,False,east,False,687,0.8734,0.75,0.5,F,0.17529215358931552,0.11185308848080133,0.02170283806343907,0.09015025041736226,0.0,0.0,True
nE3_62,nE3,62,7ca1f857-image.png,side,False,east,False,688,0.8721,0.8662370137788121,0.7324740275576243,F,0.15051778702896912,0.12166666666666667,0.051666666666666666,0.07,0.016666666666666666,0.0,False
nE3_63,nE3,63,7ca1f857-image.png,side,False,east,False,680,0.8824,0.0,0.0,N,0.28145606832727466,0.11696666666666639,0.07863333333333306,0.03833333333333333,0.0016666666666666668,0.0,False
cS1_00,cS1,0,5c6882bc-image.png,front,True,south,False,594,1.0101,,,,,,,,,,
cS1_01,cS1,1,5c6882bc-image.png,front,True,south,False,594,1.0101,,,,,,,,,,
cS1_02,cS1,2,5c6882bc-image.png,front,True,south,False,594,1.0101,,,,,,,,,,
cS1_03,cS1,3,5c6882bc-image.png,front,True,south,False,593,1.0118,,,,,,,,,,
cS1_04,cS1,4,5c6882bc-image.png,front,True,south,False,593,1.0118,,,,,,,,,,
cS1_05,cS1,5,5c6882bc-image.png,front,True,south,False,598,1.0033,,,,,,,,,,
cS1_06,cS1,6,5c6882bc-image.png,front,True,south,False,601,0.9983,,,,,,,,,,
cS1_07,cS1,7,5c6882bc-image.png,front,True,south,False,604,0.9934,,,,,,,,,,
cS1_08,cS1,8,5c6882bc-image.png,front,True,south,False,604,0.9934,,,,,,,,,,
cS1_09,cS1,9,5c6882bc-image.png,front,True,south,False,601,0.9983,,,,,,,,,,
cS1_10,cS1,10,5c6882bc-image.png,front,True,south,False,597,1.005,,,,,,,,,,
cS1_11,cS1,11,5c6882bc-image.png,front,True,south,False,604,0.9934,,,,,,,,,,
cS1_12,cS1,12,5c6882bc-image.png,front,True,south,False,604,0.9934,,,,,,,,,,
cS1_13,cS1,13,5c6882bc-image.png,front,True,south,False,606,0.9901,,,,,,,,,,
cS1_14,cS1,14,5c6882bc-image.png,front,True,south,False,606,0.9901,,,,,,,,,,
cS1_15,cS1,15,5c6882bc-image.png,front,True,south,False,603,0.995,,,,,,,,,,
cS1_16,cS1,16,5c6882bc-image.png,front,True,south,False,602,0.9967,,,,,,,,,,
cS1_17,cS1,17,5c6882bc-image.png,front,True,south,False,601,0.9983,,,,,,,,,,
cS1_18,cS1,18,5c6882bc-image.png,front,True,south,False,607,0.9885,,,,,,,,,,
cS1_19,cS1,19,5c6882bc-image.png,front,True,south,False,611,0.982,,,,,,,,,,
cS1_20,cS1,20,5c6882bc-image.png,front,True,south,False,611,0.982,,,,,,,,,,
cS1_21,cS1,21,5c6882bc-image.png,front,True,south,False,606,0.9901,,,,,,,,,,
cS1_22,cS1,22,5c6882bc-image.png,front,True,south,False,602,0.9967,,,,,,,,,,
cS1_23,cS1,23,5c6882bc-image.png,front,True,south,False,604,0.9934,,,,,,,,,,
cS1_24,cS1,24,5c6882bc-image.png,front,True,south,False,609,0.9852,,,,,,,,,,
cS1_25,cS1,25,5c6882bc-image.png,front,True,south,False,610,0.9836,,,,,,,,,,
cS1_26,cS1,26,5c6882bc-image.png,front,True,south,False,608,0.9868,,,,,,,,,,
cS1_27,cS1,27,5c6882bc-image.png,front,True,south,False,603,0.995,,,,,,,,,,
cS1_28,cS1,28,5c6882bc-image.png,front,True,south,False,609,0.9852,,,,,,,,,,
cS1_29,cS1,29,5c6882bc-image.png,front,True,south,False,609,0.9852,,,,,,,,,,
cS1_30,cS1,30,5c6882bc-image.png,front,True,south,False,611,0.982,,,,,,,,,,
cS1_31,cS1,31,5c6882bc-image.png,front,True,south,False,604,0.9934,,,,,,,,,,
cS1_32,cS1,32,5c6882bc-image.png,front,True,south,False,599,1.0017,,,,,,,,,,
cS1_33,cS1,33,5c6882bc-image.png,front,True,south,False,596,1.0067,,,,,,,,,,
cS1_34,cS1,34,5c6882bc-image.png,front,True,south,False,595,1.0084,,,,,,,,,,
cS1_35,cS1,35,5c6882bc-image.png,front,True,south,False,596,1.0067,,,,,,,,,,
cS2_00,cS2,0,aaf3bf24-image.png,front,True,south,False,594,1.0101,,,,,,,,,,
cS2_01,cS2,1,aaf3bf24-image.png,front,True,south,False,594,1.0101,,,,,,,,,,
cS2_02,cS2,2,aaf3bf24-image.png,front,True,south,False,594,1.0101,,,,,,,,,,
cS2_03,cS2,3,aaf3bf24-image.png,front,True,south,False,593,1.0118,,,,,,,,,,
cS2_04,cS2,4,aaf3bf24-image.png,front,True,south,False,593,1.0118,,,,,,,,,,
cS2_05,cS2,5,aaf3bf24-image.png,front,True,south,False,598,1.0033,,,,,,,,,,
cS2_06,cS2,6,aaf3bf24-image.png,front,True,south,False,601,0.9983,,,,,,,,,,
cS2_07,cS2,7,aaf3bf24-image.png,front,True,south,False,604,0.9934,,,,,,,,,,
cS2_08,cS2,8,aaf3bf24-image.png,front,True,south,False,604,0.9934,,,,,,,,,,
cS2_09,cS2,9,aaf3bf24-image.png,front,True,south,False,601,0.9983,,,,,,,,,,
cS2_10,cS2,10,aaf3bf24-image.png,front,True,south,False,597,1.005,,,,,,,,,,
cS2_11,cS2,11,aaf3bf24-image.png,front,True,south,False,604,0.9934,,,,,,,,,,
cS2_12,cS2,12,aaf3bf24-image.png,front,True,south,False,604,0.9934,,,,,,,,,,
cS2_13,cS2,13,aaf3bf24-image.png,front,True,south,False,606,0.9901,,,,,,,,,,
cS2_14,cS2,14,aaf3bf24-image.png,front,True,south,False,606,0.9901,,,,,,,,,,
cS2_15,cS2,15,aaf3bf24-image.png,front,True,south,False,603,0.995,,,,,,,,,,
cS2_16,cS2,16,aaf3bf24-image.png,front,True,south,False,602,0.9967,,,,,,,,,,
cS2_17,cS2,17,aaf3bf24-image.png,front,True,south,False,601,0.9983,,,,,,,,,,
cS2_18,cS2,18,aaf3bf24-image.png,front,True,south,False,607,0.9885,,,,,,,,,,
cS2_19,cS2,19,aaf3bf24-image.png,front,True,south,False,611,0.982,,,,,,,,,,
cS2_20,cS2,20,aaf3bf24-image.png,front,True,south,False,611,0.982,,,,,,,,,,
cS2_21,cS2,21,aaf3bf24-image.png,front,True,south,False,606,0.9901,,,,,,,,,,
cS2_22,cS2,22,aaf3bf24-image.png,front,True,south,False,602,0.9967,,,,,,,,,,
cS2_23,cS2,23,aaf3bf24-image.png,front,True,south,False,604,0.9934,,,,,,,,,,
cS2_24,cS2,24,aaf3bf24-image.png,front,True,south,False,609,0.9852,,,,,,,,,,
cS2_25,cS2,25,aaf3bf24-image.png,front,True,south,False,610,0.9836,,,,,,,,,,
cS2_26,cS2,26,aaf3bf24-image.png,front,True,south,False,608,0.9868,,,,,,,,,,
cS2_27,cS2,27,aaf3bf24-image.png,front,True,south,False,603,0.995,,,,,,,,,,
cS2_28,cS2,28,aaf3bf24-image.png,front,True,south,False,609,0.9852,,,,,,,,,,
cS2_29,cS2,29,aaf3bf24-image.png,front,True,south,False,609,0.9852,,,,,,,,,,
cS2_30,cS2,30,aaf3bf24-image.png,front,True,south,False,611,0.982,,,,,,,,,,
cS2_31,cS2,31,aaf3bf24-image.png,front,True,south,False,604,0.9934,,,,,,,,,,
cS2_32,cS2,32,aaf3bf24-image.png,front,True,south,False,599,1.0017,,,,,,,,,,
cS2_33,cS2,33,aaf3bf24-image.png,front,True,south,False,596,1.0067,,,,,,,,,,
cS2_34,cS2,34,aaf3bf24-image.png,front,True,south,False,595,1.0084,,,,,,,,,,
cS2_35,cS2,35,aaf3bf24-image.png,front,True,south,False,596,1.0067,,,,,,,,,,
nS1_00,nS1,0,4b55fd4a-image.png,front,False,south,False,597,1.005,,,,,,,,,,
nS1_01,nS1,1,4b55fd4a-image.png,front,False,south,False,593,1.0118,,,,,,,,,,
nS1_02,nS1,2,4b55fd4a-image.png,front,False,south,False,591,1.0152,,,,,,,,,,
nS1_03,nS1,3,4b55fd4a-image.png,front,False,south,False,591,1.0152,,,,,,,,,,
nS1_04,nS1,4,4b55fd4a-image.png,front,False,south,False,594,1.0101,,,,,,,,,,
nS1_05,nS1,5,4b55fd4a-image.png,front,False,south,False,597,1.005,,,,,,,,,,
nS1_06,nS1,6,4b55fd4a-image.png,front,False,south,False,595,1.0084,,,,,,,,,,
nS1_07,nS1,7,4b55fd4a-image.png,front,False,south,False,594,1.0101,,,,,,,,,,
nS1_08,nS1,8,4b55fd4a-image.png,front,False,south,False,592,1.0135,,,,,,,,,,
nS1_09,nS1,9,4b55fd4a-image.png,front,False,south,False,591,1.0152,,,,,,,,,,
nS1_10,nS1,10,4b55fd4a-image.png,front,False,south,False,597,1.005,,,,,,,,,,
nS1_11,nS1,11,4b55fd4a-image.png,front,False,south,False,599,1.0017,,,,,,,,,,
nS1_12,nS1,12,4b55fd4a-image.png,front,False,south,False,597,1.005,,,,,,,,,,
nS1_13,nS1,13,4b55fd4a-image.png,front,False,south,False,596,1.0067,,,,,,,,,,
nS1_14,nS1,14,4b55fd4a-image.png,front,False,south,False,595,1.0084,,,,,,,,,,
nS1_15,nS1,15,4b55fd4a-image.png,front,False,south,False,595,1.0084,,,,,,,,,,
nS1_16,nS1,16,4b55fd4a-image.png,front,False,south,False,596,1.0067,,,,,,,,,,
nS1_17,nS1,17,4b55fd4a-image.png,front,False,south,False,597,1.005,,,,,,,,,,
nS1_18,nS1,18,4b55fd4a-image.png,front,False,south,False,594,1.0101,,,,,,,,,,
nS1_19,nS1,19,4b55fd4a-image.png,front,False,south,False,593,1.0118,,,,,,,,,,
nS1_20,nS1,20,4b55fd4a-image.png,front,False,south,False,591,1.0152,,,,,,,,,,
nS1_21,nS1,21,4b55fd4a-image.png,front,False,south,False,593,1.0118,,,,,,,,,,
nS1_22,nS1,22,4b55fd4a-image.png,front,False,south,False,598,1.0033,,,,,,,,,,
nS1_23,nS1,23,4b55fd4a-image.png,front,False,south,False,600,1.0,,,,,,,,,,
nS1_24,nS1,24,4b55fd4a-image.png,front,False,south,False,597,1.005,,,,,,,,,,
nS1_25,nS1,25,4b55fd4a-image.png,front,False,south,False,595,1.0084,,,,,,,,,,
nS1_26,nS1,26,4b55fd4a-image.png,front,False,south,False,595,1.0084,,,,,,,,,,
nS1_27,nS1,27,4b55fd4a-image.png,front,False,south,False,595,1.0084,,,,,,,,,,
nS1_28,nS1,28,4b55fd4a-image.png,front,False,south,False,600,1.0,,,,,,,,,,
nS1_29,nS1,29,4b55fd4a-image.png,front,False,south,False,598,1.0033,,,,,,,,,,
nS1_30,nS1,30,4b55fd4a-image.png,front,False,south,False,595,1.0084,,,,,,,,,,
nS1_31,nS1,31,4b55fd4a-image.png,front,False,south,False,592,1.0135,,,,,,,,,,
nS1_32,nS1,32,4b55fd4a-image.png,front,False,south,False,594,1.0101,,,,,,,,,,
nS1_33,nS1,33,4b55fd4a-image.png,front,False,south,False,599,1.0017,,,,,,,,,,
nS1_34,nS1,34,4b55fd4a-image.png,front,False,south,False,599,1.0017,,,,,,,,,,
nS1_35,nS1,35,4b55fd4a-image.png,front,False,south,False,598,1.0033,,,,,,,,,,
nS2_00,nS2,0,2470743b-image.png,front,False,south,False,599,1.0017,,,,,,,,,,
nS2_01,nS2,1,2470743b-image.png,front,False,south,False,594,1.0101,,,,,,,,,,
nS2_02,nS2,2,2470743b-image.png,front,False,south,False,594,1.0101,,,,,,,,,,
nS2_03,nS2,3,2470743b-image.png,front,False,south,False,590,1.0169,,,,,,,,,,
nS2_04,nS2,4,2470743b-image.png,front,False,south,False,595,1.0084,,,,,,,,,,
nS2_05,nS2,5,2470743b-image.png,front,False,south,False,597,1.005,,,,,,,,,,
nS2_06,nS2,6,2470743b-image.png,front,False,south,False,597,1.005,,,,,,,,,,
nS2_07,nS2,7,2470743b-image.png,front,False,south,False,594,1.0101,,,,,,,,,,
nS2_08,nS2,8,2470743b-image.png,front,False,south,False,593,1.0118,,,,,,,,,,
nS2_09,nS2,9,2470743b-image.png,front,False,south,False,593,1.0118,,,,,,,,,,
nS2_10,nS2,10,2470743b-image.png,front,False,south,False,599,1.0017,,,,,,,,,,
nS2_11,nS2,11,2470743b-image.png,front,False,south,False,599,1.0017,,,,,,,,,,
nS2_12,nS2,12,2470743b-image.png,front,False,south,False,598,1.0033,,,,,,,,,,
nS2_13,nS2,13,2470743b-image.png,front,False,south,False,599,1.0017,,,,,,,,,,
nS2_14,nS2,14,2470743b-image.png,front,False,south,False,597,1.005,,,,,,,,,,
nS2_15,nS2,15,2470743b-image.png,front,False,south,False,595,1.0084,,,,,,,,,,
nS2_16,nS2,16,2470743b-image.png,front,False,south,False,595,1.0084,,,,,,,,,,
nS2_17,nS2,17,2470743b-image.png,front,False,south,False,597,1.005,,,,,,,,,,
nS2_18,nS2,18,2470743b-image.png,front,False,south,False,596,1.0067,,,,,,,,,,
nS2_19,nS2,19,2470743b-image.png,front,False,south,False,594,1.0101,,,,,,,,,,
nS2_20,nS2,20,2470743b-image.png,front,False,south,False,593,1.0118,,,,,,,,,,
nS2_21,nS2,21,2470743b-image.png,front,False,south,False,594,1.0101,,,,,,,,,,
nS2_22,nS2,22,2470743b-image.png,front,False,south,False,600,1.0,,,,,,,,,,
nS2_23,nS2,23,2470743b-image.png,front,False,south,False,602,0.9967,,,,,,,,,,
nS2_24,nS2,24,2470743b-image.png,front,False,south,False,598,1.0033,,,,,,,,,,
nS2_25,nS2,25,2470743b-image.png,front,False,south,False,598,1.0033,,,,,,,,,,
nS2_26,nS2,26,2470743b-image.png,front,False,south,False,597,1.005,,,,,,,,,,
nS2_27,nS2,27,2470743b-image.png,front,False,south,False,597,1.005,,,,,,,,,,
nS2_28,nS2,28,2470743b-image.png,front,False,south,False,603,0.995,,,,,,,,,,
nS2_29,nS2,29,2470743b-image.png,front,False,south,False,600,1.0,,,,,,,,,,
nS2_30,nS2,30,2470743b-image.png,front,False,south,False,598,1.0033,,,,,,,,,,
nS2_31,nS2,31,2470743b-image.png,front,False,south,False,595,1.0084,,,,,,,,,,
nS2_32,nS2,32,2470743b-image.png,front,False,south,False,594,1.0101,,,,,,,,,,
nS2_33,nS2,33,2470743b-image.png,front,False,south,False,601,0.9983,,,,,,,,,,
nS2_34,nS2,34,2470743b-image.png,front,False,south,False,602,0.9967,,,,,,,,,,
nS2_35,nS2,35,2470743b-image.png,front,False,south,False,599,1.0017,,,,,,,,,,
